antecedents,consequents,antecedent support,consequent support,support,confidence,lift,representativity,leverage,conviction,zhangs_metric,jaccard,certainty,kulczynski
"frozenset({'DAILY JOY FRAISE 12,5CL'})","frozenset({'DAILY JOY F BOIS 12,5CL'})",0.07865168539325842,0.08052434456928839,0.052434456928838954,0.6666666666666667,8.279069767441861,1.0,0.046101081513276944,2.7584269662921357,0.9542682926829268,0.4912280701754386,0.6374745417515276,0.6589147286821706
"frozenset({'DAILY JOY F BOIS 12,5CL'})","frozenset({'DAILY JOY FRAISE 12,5CL'})",0.08052434456928839,0.07865168539325842,0.052434456928838954,0.6511627906976745,8.279069767441861,1.0,0.046101081513276944,2.6411985018726596,0.9562118126272912,0.4912280701754386,0.6213840045377199,0.6589147286821706
frozenset({'NITA MUFFINS COCOA CHOCOLAT'}),frozenset({'NITA SO OVALO'}),0.07116104868913857,0.10299625468164794,0.05805243445692884,0.8157894736842106,7.920574162679427,1.0,0.050723112962729175,4.869448903156771,0.9406867845993756,0.5000000000000001,0.7946379518734206,0.689712918660287
frozenset({'NITA SO OVALO'}),frozenset({'NITA MUFFINS COCOA CHOCOLAT'}),0.10299625468164794,0.07116104868913857,0.05805243445692884,0.5636363636363636,7.920574162679426,1.0,0.050723112962729175,2.128589263420724,0.9740723281029027,0.5000000000000001,0.5302052785923753,0.689712918660287
frozenset({'NITA BROWNIE'}),frozenset({'NITA SO OVALO'}),0.0898876404494382,0.10299625468164794,0.06928838951310862,0.7708333333333334,7.484090909090909,1.0,0.06003029920464588,3.914198161389173,0.9519519519519519,0.5606060606060607,0.7445198329853863,0.721780303030303
frozenset({'NITA SO OVALO'}),frozenset({'NITA BROWNIE'}),0.10299625468164794,0.0898876404494382,0.06928838951310862,0.6727272727272727,7.484090909090909,1.0,0.06003029920464588,2.7808988764044944,0.9658635671161767,0.5606060606060607,0.6404040404040404,0.721780303030303
frozenset({'NITA THE BALL'}),frozenset({'NITA SO OVALO'}),0.09737827715355805,0.10299625468164794,0.06928838951310862,0.7115384615384616,6.908391608391608,1.0,0.05925879167894065,3.1096129837702873,0.9475159807110014,0.5285714285714287,0.678416572988598,0.6921328671328671
frozenset({'NITA SO OVALO'}),frozenset({'NITA THE BALL'}),0.10299625468164794,0.09737827715355805,0.06928838951310862,0.6727272727272727,6.908391608391608,1.0,0.05925879167894065,2.7580108198085727,0.9534503187947864,0.5285714285714287,0.6374198415692192,0.6921328671328671
frozenset({'NITA BROWNIE'}),frozenset({'NITA THE BALL'}),0.0898876404494382,0.09737827715355805,0.0599250936329588,0.6666666666666667,6.846153846153847,1.0,0.051171990068594034,2.7078651685393265,0.9382716049382717,0.47058823529411764,0.6307053941908715,0.6410256410256411
frozenset({'NITA THE BALL'}),frozenset({'NITA BROWNIE'}),0.09737827715355805,0.0898876404494382,0.0599250936329588,0.6153846153846154,6.846153846153847,1.0,0.051171990068594034,2.3662921348314607,0.946058091286307,0.47058823529411764,0.5773979107312441,0.6410256410256411
frozenset({'IDOL FINGER 6 '}),frozenset({'IDOL FINGER 3'}),0.08239700374531835,0.1348314606741573,0.06741573033707865,0.8181818181818182,6.068181818181818,1.0,0.056306021966923366,4.758426966292136,0.910204081632653,0.45000000000000007,0.7898465171192445,0.6590909090909092
frozenset({'IDOL FINGER 3'}),frozenset({'IDOL FINGER 6 '}),0.1348314606741573,0.08239700374531835,0.06741573033707865,0.5,6.068181818181818,1.0,0.056306021966923366,1.8352059925093633,0.9653679653679653,0.45000000000000007,0.45510204081632655,0.6590909090909092
frozenset({'AVANTAGE'}),frozenset({'FAMELIO'}),0.09737827715355805,0.10674157303370786,0.05056179775280899,0.5192307692307692,4.864372469635627,1.0,0.040167487270125826,1.8579775280898874,0.8801290917473491,0.32926829268292684,0.4617803580067731,0.49645748987854244
frozenset({'FAMELIO'}),frozenset({'AVANTAGE'}),0.10674157303370786,0.09737827715355805,0.05056179775280899,0.47368421052631576,4.864372469635627,1.0,0.040167487270125826,1.7149812734082395,0.8893547635686001,0.32926829268292684,0.4169032539855863,0.49645748987854244
frozenset({'WAFERS GM VANILLE'}),frozenset({'WAFERS GM CC'}),0.11610486891385768,0.12921348314606743,0.07116104868913857,0.6129032258064515,4.743338008415146,1.0,0.056158734166561454,2.249531835205992,0.8928412132024979,0.40860215053763427,0.5554630593132153,0.5818139317438054
frozenset({'WAFERS GM CC'}),frozenset({'WAFERS GM VANILLE'}),0.12921348314606743,0.11610486891385768,0.07116104868913857,0.5507246376811593,4.743338008415146,1.0,0.056158734166561454,1.9673794853207678,0.9062818336162988,0.40860215053763427,0.4917096536477523,0.5818139317438054
frozenset({'CELEBRITY TWIN'}),frozenset({'DOLCE WAFER COCOA'}),0.10299625468164794,0.10861423220973783,0.052434456928838954,0.5090909090909091,4.687147335423198,1.0,0.041247597806113145,1.81578582327646,0.8769758425290783,0.32941176470588235,0.4492742551566082,0.49592476489028214
frozenset({'DOLCE WAFER COCOA'}),frozenset({'CELEBRITY TWIN'}),0.10861423220973783,0.10299625468164794,0.052434456928838954,0.4827586206896552,4.687147335423198,1.0,0.041247597806113145,1.7342072409488143,0.8825030012004802,0.32941176470588235,0.42336764811748623,0.49592476489028214
frozenset({'DAILY\xa0JOY\xa012.5CL'}),frozenset({'DAILY COCKTAIL 20CL'}),0.12172284644194757,0.1198501872659176,0.05805243445692884,0.47692307692307695,3.9793269230769233,1.0,0.043463928516320895,1.6826393478739814,0.8524657816906251,0.3163265306122449,0.40569558101472997,0.4806490384615385
frozenset({'DAILY COCKTAIL 20CL'}),frozenset({'DAILY\xa0JOY\xa012.5CL'}),0.1198501872659176,0.12172284644194757,0.05805243445692884,0.484375,3.979326923076923,1.0,0.043463928516320895,1.7033253887186472,0.8506520247083047,0.3163265306122449,0.41291311300639655,0.4806490384615385
frozenset({'DOLCE WAFER COCOA'}),frozenset({'CELEBRITY MINI BAR'}),0.10861423220973783,0.1254681647940075,0.052434456928838954,0.4827586206896552,3.847658260422028,1.0,0.038806828542972974,1.6907615480649192,0.8302821128451381,0.288659793814433,0.4085505427157941,0.45033453422542463
frozenset({'CELEBRITY MINI BAR'}),frozenset({'DOLCE WAFER COCOA'}),0.1254681647940075,0.10861423220973783,0.052434456928838954,0.41791044776119407,3.847658260422028,1.0,0.038806828542972974,1.5313550369730147,0.846283267054145,0.288659793814433,0.3469835695472219,0.45033453422542463
frozenset({'BESTO NOIR PM'}),frozenset({'WAFERS GM CC'}),0.11797752808988764,0.12921348314606743,0.056179775280898875,0.47619047619047616,3.685300207039337,1.0,0.040935487943441484,1.6624106230847804,0.8261146496815286,0.29411764705882354,0.39846390168970813,0.45548654244306414
frozenset({'WAFERS GM CC'}),frozenset({'BESTO NOIR PM'}),0.12921348314606743,0.11797752808988764,0.056179775280898875,0.4347826086956521,3.685300207039337,1.0,0.040935487943441484,1.5605012964563525,0.8367741935483871,0.29411764705882354,0.35918028247022976,0.45548654244306414
frozenset({'BRINO BANANE'}),"frozenset({'CELEBRITY FONDANT', 'BRINO JUNIOR'})",0.12172284644194757,0.13108614232209737,0.056179775280898875,0.4615384615384615,3.520879120879121,1.0,0.04022359690835893,1.6136971642589617,0.8152096659559346,0.2857142857142857,0.3803050397877984,0.44505494505494503
"frozenset({'CELEBRITY FONDANT', 'BRINO JUNIOR'})",frozenset({'BRINO BANANE'}),0.13108614232209737,0.12172284644194757,0.056179775280898875,0.4285714285714286,3.520879120879121,1.0,0.04022359690835893,1.5369850187265919,0.8239942528735632,0.2857142857142857,0.349375571123972,0.44505494505494503
frozenset({'BRINO JUNIOR'}),"frozenset({'BRINO BANANE', 'CELEBRITY FONDANT'})",0.26779026217228463,0.06179775280898876,0.056179775280898875,0.2097902097902098,3.394787031150668,1.0,0.039630938854521736,1.1872824898080938,0.9634271099744245,0.2054794520547945,0.1577404631296847,0.5594405594405594
"frozenset({'BRINO BANANE', 'CELEBRITY FONDANT'})",frozenset({'BRINO JUNIOR'}),0.06179775280898876,0.26779026217228463,0.056179775280898875,0.9090909090909091,3.3947870311506674,1.0,0.039630938854521736,8.054307116104866,0.7518962075848303,0.2054794520547945,0.8758428272494768,0.5594405594405594
frozenset({'BESTO NOIR PM'}),"frozenset({'CELEBRITY FONDANT', 'BRINO JUNIOR'})",0.11797752808988764,0.13108614232209737,0.05056179775280899,0.42857142857142855,3.269387755102041,1.0,0.035096578714808736,1.5205992509363297,0.7869780608634112,0.25471698113207547,0.3423645320197044,0.40714285714285714
"frozenset({'CELEBRITY FONDANT', 'BRINO JUNIOR'})",frozenset({'BESTO NOIR PM'}),0.13108614232209737,0.11797752808988764,0.05056179775280899,0.38571428571428573,3.269387755102041,1.0,0.035096578714808736,1.4358505356676248,0.7988505747126436,0.25471698113207547,0.3035486806187443,0.40714285714285714
frozenset({'WAFERS GM CC'}),frozenset({'WAFER CHOCO'}),0.12921348314606743,0.15730337078651685,0.06554307116104868,0.5072463768115941,3.22463768115942,1.0,0.045217354711105495,1.7101784534038333,0.792258064516129,0.29661016949152536,0.4152657004830917,0.4619565217391304
frozenset({'WAFER CHOCO'}),frozenset({'WAFERS GM CC'}),0.15730337078651685,0.12921348314606743,0.06554307116104868,0.41666666666666663,3.22463768115942,1.0,0.045217354711105495,1.492776886035313,0.8186666666666667,0.29661016949152536,0.3301075268817204,0.4619565217391304
frozenset({'WAFERS GM VANILLE'}),frozenset({'WAFER CHOCO'}),0.11610486891385768,0.15730337078651685,0.05805243445692884,0.5,3.178571428571429,1.0,0.039788747212052354,1.6853932584269664,0.7754237288135594,0.26956521739130435,0.4066666666666666,0.43452380952380953
"frozenset({'DUNAROLL ROUGE', 'BRINO JUNIOR'})",frozenset({'WAFER CHOCO'}),0.11610486891385768,0.15730337078651685,0.05805243445692884,0.5,3.178571428571429,1.0,0.039788747212052354,1.6853932584269664,0.7754237288135594,0.26956521739130435,0.4066666666666666,0.43452380952380953
frozenset({'WAFER CHOCO'}),frozenset({'WAFERS GM VANILLE'}),0.15730337078651685,0.11610486891385768,0.05805243445692884,0.36904761904761907,3.1785714285714284,1.0,0.039788747212052354,1.4008903964384143,0.8133333333333334,0.26956521739130435,0.28616828087167073,0.43452380952380953
frozenset({'WAFER CHOCO'}),"frozenset({'DUNAROLL ROUGE', 'BRINO JUNIOR'})",0.15730337078651685,0.11610486891385768,0.05805243445692884,0.36904761904761907,3.1785714285714284,1.0,0.039788747212052354,1.4008903964384143,0.8133333333333334,0.26956521739130435,0.28616828087167073,0.43452380952380953
"frozenset({'CELEBRITY FONDANT', 'DUNAROLL ROUGE'})",frozenset({'WAFER CHOCO'}),0.10299625468164794,0.15730337078651685,0.05056179775280899,0.4909090909090909,3.120779220779221,1.0,0.0343601397129992,1.6552969502407708,0.7575968452795175,0.2410714285714286,0.39587878787878783,0.4061688311688312
frozenset({'WAFER CHOCO'}),"frozenset({'CELEBRITY FONDANT', 'DUNAROLL ROUGE'})",0.15730337078651685,0.10299625468164794,0.05056179775280899,0.32142857142857145,3.120779220779221,1.0,0.0343601397129992,1.321900256258624,0.8064197530864197,0.2410714285714286,0.2435132716969878,0.4061688311688312
frozenset({'BRINO BANANE'}),frozenset({'BRINO JUNIOR'}),0.12172284644194757,0.26779026217228463,0.10112359550561797,0.8307692307692307,3.1023130715438407,1.0,0.0685274025445721,4.326693905345589,0.771578614862197,0.3506493506493506,0.7688766476490261,0.6041958041958042
frozenset({'BRINO JUNIOR'}),frozenset({'BRINO BANANE'}),0.26779026217228463,0.12172284644194757,0.10112359550561797,0.3776223776223776,3.1023130715438403,1.0,0.0685274025445721,1.4111644152674325,0.9254996684664204,0.3506493506493506,0.2913653510668435,0.6041958041958042
frozenset({'BISCUIT RS DUO'}),frozenset({'CELEBRITY FONDANT'}),0.08801498127340825,0.2209737827715356,0.0599250936329588,0.6808510638297872,3.0811395600432743,1.0,0.04047609028040791,2.440948813982522,0.7406314168377822,0.24060150375939848,0.590323240589198,0.4760187522538767
frozenset({'CELEBRITY FONDANT'}),frozenset({'BISCUIT RS DUO'}),0.2209737827715356,0.08801498127340825,0.0599250936329588,0.2711864406779661,3.0811395600432743,1.0,0.04047609028040791,1.2513282815085793,0.8670372596153846,0.24060150375939848,0.20084919778651725,0.4760187522538767
frozenset({'CELEBRITY MINI BAR'}),"frozenset({'CELEBRITY FONDANT', 'BRINO JUNIOR'})",0.1254681647940075,0.13108614232209737,0.05056179775280899,0.40298507462686567,3.0742004264392326,1.0,0.034114660045729356,1.455430711610487,0.7715124117693711,0.2454545454545455,0.3129181677817808,0.3943496801705757
"frozenset({'CELEBRITY FONDANT', 'BRINO JUNIOR'})",frozenset({'CELEBRITY MINI BAR'}),0.13108614232209737,0.1254681647940075,0.05056179775280899,0.38571428571428573,3.0742004264392326,1.0,0.034114660045729356,1.423656475916732,0.776500638569604,0.2454545454545455,0.2975833588253288,0.3943496801705757
"frozenset({'CELEBRITY MINI BAR', 'BRINO JUNIOR'})",frozenset({'CELEBRITY FONDANT'}),0.0749063670411985,0.2209737827715356,0.05056179775280899,0.6749999999999999,3.054661016949152,1.0,0.03400945447404227,2.3970037453183517,0.7270955165692007,0.20610687022900764,0.5828125,0.4519067796610169
frozenset({'CELEBRITY FONDANT'}),"frozenset({'CELEBRITY MINI BAR', 'BRINO JUNIOR'})",0.2209737827715356,0.0749063670411985,0.05056179775280899,0.22881355932203387,3.054661016949152,1.0,0.03400945447404227,1.1995719636169073,0.8634259259259257,0.20610687022900764,0.16636931311329167,0.4519067796610169
frozenset({'CELEBRITY BROWNIE'}),frozenset({'DUNAROLL ROUGE'}),0.08052434456928839,0.20786516853932585,0.05056179775280899,0.627906976744186,3.0207416719044624,1.0,0.03382359129739511,2.128862359550562,0.7275401674587011,0.21259842519685038,0.5302655451096816,0.4355751099937146
"frozenset({'CELEBRITY FONDANT', 'WAFER CHOCO'})",frozenset({'DUNAROLL ROUGE'}),0.08052434456928839,0.20786516853932585,0.05056179775280899,0.627906976744186,3.0207416719044624,1.0,0.03382359129739511,2.128862359550562,0.7275401674587011,0.21259842519685038,0.5302655451096816,0.4355751099937146
frozenset({'DUNAROLL ROUGE'}),frozenset({'CELEBRITY BROWNIE'}),0.20786516853932585,0.08052434456928839,0.05056179775280899,0.24324324324324323,3.0207416719044624,1.0,0.03382359129739511,1.2150214018191545,0.8444969792487522,0.21259842519685038,0.17696922992238673,0.4355751099937146
frozenset({'DUNAROLL ROUGE'}),"frozenset({'CELEBRITY FONDANT', 'WAFER CHOCO'})",0.20786516853932585,0.08052434456928839,0.05056179775280899,0.24324324324324323,3.0207416719044624,1.0,0.03382359129739511,1.2150214018191545,0.8444969792487522,0.21259842519685038,0.17696922992238673,0.4355751099937146
frozenset({'BRINO NOIR VANILLE'}),frozenset({'BRINO JUNIOR'}),0.06367041198501873,0.26779026217228463,0.05056179775280899,0.7941176470588235,2.9654463183874946,1.0,0.03351148143472345,3.556447298020331,0.7078518518518518,0.18000000000000002,0.7188205205355799,0.49146441793500617
frozenset({'BRINO JUNIOR'}),frozenset({'BRINO NOIR VANILLE'}),0.26779026217228463,0.06367041198501873,0.05056179775280899,0.1888111888111888,2.9654463183874946,1.0,0.03351148143472345,1.1542683714322612,0.9051813962299895,0.18000000000000002,0.13365034965034966,0.49146441793500617
frozenset({'MINI CELEBRITY FONDANT'}),frozenset({'CELEBRITY FONDANT'}),0.08052434456928839,0.2209737827715356,0.052434456928838954,0.6511627906976745,2.9467875443437133,1.0,0.03464068790416474,2.233208489388265,0.7185045097468723,0.2105263157894737,0.5522137745974955,0.4442254631454474
frozenset({'CELEBRITY FONDANT'}),frozenset({'MINI CELEBRITY FONDANT'}),0.2209737827715356,0.08052434456928839,0.052434456928838954,0.23728813559322035,2.946787544343713,1.0,0.03464068790416474,1.2055347482313776,0.8480425824175823,0.2105263157894737,0.17049259553315613,0.4442254631454474
"frozenset({'BESTO NOIR PM', 'BRINO JUNIOR'})",frozenset({'CELEBRITY FONDANT'}),0.07865168539325842,0.2209737827715356,0.05056179775280899,0.6428571428571429,2.9092009685230025,1.0,0.03318183731010394,2.1812734082397007,0.7122854561878952,0.20300751879699247,0.5415521978021979,0.4358353510895884
frozenset({'CELEBRITY FONDANT'}),"frozenset({'BESTO NOIR PM', 'BRINO JUNIOR'})",0.2209737827715356,0.07865168539325842,0.05056179775280899,0.22881355932203387,2.909200968523002,1.0,0.03318183731010394,1.1947153969625879,0.8424145299145298,0.20300751879699247,0.1629805704836709,0.4358353510895884
frozenset({'CELEBRITY BROWNIE'}),frozenset({'CELEBRITY FONDANT'}),0.08052434456928839,0.2209737827715356,0.05056179775280899,0.627906976744186,2.8415451320457232,1.0,0.03276802872813477,2.093632958801498,0.7048351814135928,0.20149253731343283,0.5223613595706619,0.42836026803310995
frozenset({'CELEBRITY FONDANT'}),frozenset({'CELEBRITY BROWNIE'}),0.2209737827715356,0.08052434456928839,0.05056179775280899,0.22881355932203387,2.841545132045723,1.0,0.03276802872813477,1.1922871136354283,0.8319088319088318,0.20149253731343283,0.16127584659463562,0.42836026803310995
frozenset({'CELEBRITY FONDANT'}),frozenset({'CELEBRITY MINI BAR'}),0.2209737827715356,0.1254681647940075,0.07865168539325842,0.3559322033898305,2.8368327852264104,1.0,0.05092651040132418,1.3578257441356198,0.8311584249084248,0.2937062937062937,0.26352847239864985,0.49139893751581076
frozenset({'CELEBRITY MINI BAR'}),frozenset({'CELEBRITY FONDANT'}),0.1254681647940075,0.2209737827715356,0.07865168539325842,0.626865671641791,2.83683278522641,1.0,0.05092651040132418,2.0877902621722844,0.7403895176914449,0.2937062937062937,0.5210246842709528,0.49139893751581076
"frozenset({'BRINO JUNIOR', 'WAFER CHOCO'})",frozenset({'DUNAROLL ROUGE'}),0.09925093632958802,0.20786516853932585,0.05805243445692884,0.5849056603773585,2.8138704742478327,1.0,0.03742162184909313,1.9083248212461696,0.7156461672590706,0.23308270676691728,0.4759801953699986,0.43209246982831884
frozenset({'DUNAROLL ROUGE'}),"frozenset({'BRINO JUNIOR', 'WAFER CHOCO'})",0.20786516853932585,0.09925093632958802,0.05805243445692884,0.27927927927927926,2.813870474247832,1.0,0.03742162184909313,1.2497893258426966,0.8137725920841912,0.23308270676691728,0.19986514581109172,0.43209246982831884
frozenset({'WAFER CHOCO'}),frozenset({'DUNAROLL ROUGE'}),0.15730337078651685,0.20786516853932585,0.09176029962546817,0.5833333333333334,2.8063063063063063,1.0,0.059062407945124774,1.9011235955056183,0.7638095238095237,0.3356164383561644,0.4739952718676123,0.5123873873873874
frozenset({'DUNAROLL ROUGE'}),frozenset({'WAFER CHOCO'}),0.20786516853932585,0.15730337078651685,0.09176029962546817,0.44144144144144143,2.8063063063063063,1.0,0.059062407945124774,1.5086988039144618,0.8125633232016211,0.3356164383561644,0.33717717717717716,0.5123873873873874
"frozenset({'CELEBRITY FONDANT', 'BESTO NOIR PM'})",frozenset({'BRINO JUNIOR'}),0.06741573033707865,0.26779026217228463,0.05056179775280899,0.75,2.800699300699301,1.0,0.03250852165130665,2.9288389513108615,0.6894243641231592,0.17763157894736845,0.6585677749360613,0.4694055944055944
frozenset({'BRINO JUNIOR'}),"frozenset({'CELEBRITY FONDANT', 'BESTO NOIR PM'})",0.26779026217228463,0.06741573033707865,0.05056179775280899,0.1888111888111888,2.800699300699301,1.0,0.03250852165130665,1.1496512979465323,0.8780903665814151,0.17763157894736845,0.1301710337854916,0.4694055944055944
frozenset({'CELEBRITY BROWNIE'}),frozenset({'BRINO JUNIOR'}),0.08052434456928839,0.26779026217228463,0.0599250936329588,0.7441860465116279,2.778988453407058,1.0,0.03836145828949768,2.86227442969016,0.696219450101833,0.2077922077922078,0.6506274906322489,0.4839811351439258
frozenset({'BRINO JUNIOR'}),frozenset({'CELEBRITY BROWNIE'}),0.26779026217228463,0.08052434456928839,0.0599250936329588,0.22377622377622378,2.778988453407058,1.0,0.03836145828949768,1.1845497182575835,0.8742806905370845,0.2077922077922078,0.15579735946334725,0.4839811351439258
frozenset({'BISCUIT RS DUO'}),frozenset({'DUNAROLL ROUGE'}),0.08801498127340825,0.20786516853932585,0.05056179775280899,0.5744680851063829,2.763657274295572,1.0,0.03226654883642638,1.8615168539325841,0.699749030344513,0.20610687022900764,0.4628036819073486,0.40885566417481306
frozenset({'DUNAROLL ROUGE'}),frozenset({'BISCUIT RS DUO'}),0.20786516853932585,0.08801498127340825,0.05056179775280899,0.24324324324324323,2.763657274295572,1.0,0.03226654883642638,1.205123060460139,0.8056212240609404,0.20610687022900764,0.1702092235973139,0.40885566417481306
frozenset({'BRINO BANANE'}),frozenset({'WAFER CHOCO'}),0.12172284644194757,0.15730337078651685,0.052434456928838954,0.4307692307692308,2.7384615384615385,1.0,0.03328704288179102,1.48041299726693,0.7228144989339018,0.23140495867768596,0.32451282051282054,0.3820512820512821
frozenset({'WAFER CHOCO'}),frozenset({'BRINO BANANE'}),0.15730337078651685,0.12172284644194757,0.052434456928838954,0.33333333333333337,2.7384615384615385,1.0,0.03328704288179102,1.3174157303370788,0.7533333333333332,0.23140495867768596,0.24093816631130066,0.3820512820512821
frozenset({'WAFER CHOCO'}),frozenset({'BESTO NOIR PM'}),0.15730337078651685,0.11797752808988764,0.05056179775280899,0.32142857142857145,2.724489795918368,1.0,0.03200353490720868,1.2998225901833236,0.751111111111111,0.225,0.23066424021838036,0.375
frozenset({'BESTO NOIR PM'}),frozenset({'WAFER CHOCO'}),0.11797752808988764,0.15730337078651685,0.05056179775280899,0.42857142857142855,2.7244897959183674,1.0,0.03200353490720868,1.4747191011235956,0.7176220806794055,0.225,0.32190476190476186,0.375
frozenset({'CELEBRITY TWIN'}),frozenset({'CELEBRITY FONDANT'}),0.10299625468164794,0.2209737827715356,0.06179775280898876,0.6,2.715254237288135,1.0,0.039038280800684534,1.947565543071161,0.7042449547668754,0.23571428571428568,0.48653846153846153,0.4398305084745763
frozenset({'CELEBRITY FONDANT'}),frozenset({'CELEBRITY TWIN'}),0.2209737827715356,0.10299625468164794,0.06179775280898876,0.2796610169491525,2.715254237288135,1.0,0.039038280800684534,1.2452522582066532,0.8108974358974358,0.23571428571428568,0.19694986023141428,0.4398305084745763
frozenset({'DAILY JOY CHOCOLATE 125 ML'}),frozenset({'DUNAROLL ROUGE'}),0.10299625468164794,0.20786516853932585,0.05805243445692884,0.5636363636363636,2.7115479115479113,1.0,0.03664310061860876,1.815308988764045,0.7036837497474577,0.22962962962962968,0.4491295938104448,0.4214578214578214
frozenset({'DUNAROLL ROUGE'}),frozenset({'DAILY JOY CHOCOLATE 125 ML'}),0.20786516853932585,0.10299625468164794,0.05805243445692884,0.27927927927927926,2.7115479115479113,1.0,0.03664310061860876,1.2445926966292136,0.7968428277282085,0.22962962962962968,0.1965242904700107,0.4214578214578214
"frozenset({'DUNAROLL ROUGE', 'BRINO JUNIOR'})",frozenset({'CELEBRITY FONDANT'}),0.11610486891385768,0.2209737827715356,0.06928838951310862,0.5967741935483871,2.700656096227447,1.0,0.04363225743102021,1.931985018726592,0.712437013284471,0.2587412587412587,0.48239764267990076,0.4551667577911427
frozenset({'CELEBRITY FONDANT'}),"frozenset({'DUNAROLL ROUGE', 'BRINO JUNIOR'})",0.2209737827715356,0.11610486891385768,0.06928838951310862,0.3135593220338983,2.7006560962274464,1.0,0.04363225743102021,1.287649697137837,0.8083419958419958,0.2587412587412587,0.2233912668773341,0.4551667577911427
frozenset({'TORTO'}),frozenset({'DUNAROLL ROUGE'}),0.10112359550561797,0.20786516853932585,0.056179775280898875,0.5555555555555556,2.6726726726726726,1.0,0.035159702057820985,1.782303370786517,0.6962500000000001,0.22222222222222227,0.43892828999211975,0.4129129129129129
frozenset({'DUNAROLL ROUGE'}),frozenset({'TORTO'}),0.20786516853932585,0.10112359550561797,0.056179775280898875,0.27027027027027023,2.672672672672672,1.0,0.035159702057820985,1.231793591344153,0.7900709219858156,0.22222222222222227,0.18817567567567564,0.4129129129129129
frozenset({'DOLCE WAFER COCOA'}),frozenset({'DUNAROLL ROUGE'}),0.10861423220973783,0.20786516853932585,0.0599250936329588,0.5517241379310345,2.6542404473438954,1.0,0.037347977948912175,1.7670700086430424,0.699185924369748,0.23357664233576642,0.4340914649058449,0.42000621310966135
frozenset({'DUNAROLL ROUGE'}),frozenset({'DOLCE WAFER COCOA'}),0.20786516853932585,0.10861423220973783,0.0599250936329588,0.2882882882882883,2.6542404473438954,1.0,0.037347977948912175,1.2524534205660645,0.7867907801418439,0.23357664233576642,0.20156711333181923,0.42000621310966135
"frozenset({'CELEBRITY FONDANT', 'BRINO JUNIOR'})",frozenset({'WAFER CHOCO'}),0.13108614232209737,0.15730337078651685,0.054307116104868915,0.4142857142857143,2.6336734693877553,1.0,0.03368682405420191,1.4387503425596058,0.7138822829964329,0.232,0.304952380952381,0.37976190476190474
frozenset({'WAFER CHOCO'}),"frozenset({'CELEBRITY FONDANT', 'BRINO JUNIOR'})",0.15730337078651685,0.13108614232209737,0.054307116104868915,0.34523809523809523,2.6336734693877553,1.0,0.03368682405420191,1.3270684371807968,0.7360919540229884,0.232,0.24645935960591134,0.37976190476190474
frozenset({'FAMELIO'}),frozenset({'DUNAROLL ROUGE'}),0.10674157303370786,0.20786516853932585,0.05805243445692884,0.543859649122807,2.616405879563774,1.0,0.0358645793881244,1.7366032843560935,0.6916210184621628,0.22627737226277378,0.4241632449919124,0.4115694642010431
frozenset({'DUNAROLL ROUGE'}),frozenset({'FAMELIO'}),0.20786516853932585,0.10674157303370786,0.05805243445692884,0.27927927927927926,2.616405879563774,1.0,0.0358645793881244,1.2393960674157303,0.779913063372226,0.22627737226277378,0.1931554195705139,0.4115694642010431
frozenset({'BESTO NOIR PM'}),frozenset({'CELEBRITY FONDANT'}),0.11797752808988764,0.2209737827715356,0.06741573033707865,0.5714285714285714,2.585956416464891,1.0,0.04134578967302108,1.8177278401997503,0.6953290870488321,0.2482758620689655,0.4498626373626373,0.4382566585956416
frozenset({'CELEBRITY FONDANT'}),frozenset({'BESTO NOIR PM'}),0.2209737827715356,0.11797752808988764,0.06741573033707865,0.30508474576271183,2.585956416464891,1.0,0.04134578967302108,1.269251849821869,0.7872596153846153,0.2482758620689655,0.21213429774371148,0.4382566585956416
frozenset({'DOLCE WAFER COCOA'}),frozenset({'CELEBRITY FONDANT'}),0.10861423220973783,0.2209737827715356,0.06179775280898876,0.5689655172413793,2.574810052600818,1.0,0.037796855054777034,1.8073408239700377,0.6861471861471863,0.23076923076923073,0.4467009283819629,0.42431326709526596
frozenset({'CELEBRITY FONDANT'}),frozenset({'DOLCE WAFER COCOA'}),0.2209737827715356,0.10861423220973783,0.06179775280898876,0.2796610169491525,2.574810052600818,1.0,0.037796855054777034,1.237453183520599,0.7851107226107226,0.23076923076923073,0.19188861985472155,0.42431326709526596
"frozenset({'CELEBRITY FONDANT', 'BRINO JUNIOR'})",frozenset({'DUNAROLL ROUGE'}),0.13108614232209737,0.20786516853932585,0.06928838951310862,0.5285714285714287,2.542857142857143,1.0,0.04204014644615579,1.6802860061287033,0.6982758620689655,0.2569444444444445,0.4048632218844986,0.430952380952381
frozenset({'DUNAROLL ROUGE'}),"frozenset({'CELEBRITY FONDANT', 'BRINO JUNIOR'})",0.20786516853932585,0.13108614232209737,0.06928838951310862,0.3333333333333333,2.542857142857143,1.0,0.04204014644615579,1.3033707865168538,0.7659574468085106,0.2569444444444445,0.23275862068965517,0.430952380952381
"frozenset({'CELEBRITY FONDANT', 'WAFER CHOCO'})",frozenset({'BRINO JUNIOR'}),0.08052434456928839,0.26779026217228463,0.054307116104868915,0.6744186046511628,2.5184582859001465,1.0,0.03274348076140779,2.2489299090422685,0.6557342510007724,0.1847133757961784,0.5553440789864985,0.4386079037241828
frozenset({'BRINO JUNIOR'}),"frozenset({'CELEBRITY FONDANT', 'WAFER CHOCO'})",0.26779026217228463,0.08052434456928839,0.054307116104868915,0.2027972027972028,2.5184582859001465,1.0,0.03274348076140779,1.153377357250805,0.8234412205661875,0.1847133757961784,0.13298107188127556,0.4386079037241828
"frozenset({'BRINO BANANE', 'BRINO JUNIOR'})",frozenset({'CELEBRITY FONDANT'}),0.10112359550561797,0.2209737827715356,0.056179775280898875,0.5555555555555556,2.5141242937853105,1.0,0.033834111854563816,1.752808988764045,0.67,0.2112676056338028,0.4294871794871795,0.4048964218455744
frozenset({'CELEBRITY FONDANT'}),"frozenset({'BRINO BANANE', 'BRINO JUNIOR'})",0.2209737827715356,0.10112359550561797,0.056179775280898875,0.2542372881355932,2.5141242937853105,1.0,0.033834111854563816,1.2053115423901941,0.7730769230769231,0.2112676056338028,0.17033898305084746,0.4048964218455744
frozenset({'CELEBRITY TWIN'}),frozenset({'BRINO JUNIOR'}),0.10299625468164794,0.26779026217228463,0.06928838951310862,0.6727272727272727,2.5121424030514943,1.0,0.04170699546914672,2.2373075322513527,0.6710489194831575,0.22981366459627328,0.5530341780981167,0.46573426573426574
"frozenset({'CELEBRITY FONDANT', 'DUNAROLL ROUGE'})",frozenset({'BRINO JUNIOR'}),0.10299625468164794,0.26779026217228463,0.06928838951310862,0.6727272727272727,2.5121424030514943,1.0,0.04170699546914672,2.2373075322513527,0.6710489194831575,0.22981366459627328,0.5530341780981167,0.46573426573426574
frozenset({'BRINO JUNIOR'}),frozenset({'CELEBRITY TWIN'}),0.26779026217228463,0.10299625468164794,0.06928838951310862,0.25874125874125875,2.512142403051494,1.0,0.04170699546914672,1.2101088262313617,0.8220778323080115,0.22981366459627328,0.17362804210403376,0.46573426573426574
frozenset({'BRINO JUNIOR'}),"frozenset({'CELEBRITY FONDANT', 'DUNAROLL ROUGE'})",0.26779026217228463,0.10299625468164794,0.06928838951310862,0.25874125874125875,2.512142403051494,1.0,0.04170699546914672,1.2101088262313617,0.8220778323080115,0.22981366459627328,0.17362804210403376,0.46573426573426574
"frozenset({'DUNAROLL ROUGE', 'WAFER CHOCO'})",frozenset({'CELEBRITY FONDANT'}),0.09176029962546817,0.2209737827715356,0.05056179775280899,0.5510204081632653,2.493600830162573,1.0,0.030285177236319766,1.7351038474633977,0.6594883543337151,0.19285714285714287,0.42366562009419145,0.38991698374264955
frozenset({'CELEBRITY FONDANT'}),"frozenset({'DUNAROLL ROUGE', 'WAFER CHOCO'})",0.2209737827715356,0.09176029962546817,0.05056179775280899,0.22881355932203387,2.493600830162573,1.0,0.030285177236319766,1.1777174136724697,0.7688746438746438,0.19285714285714287,0.15089987768652802,0.38991698374264955
frozenset({'BESTO NOIR PM'}),frozenset({'BRINO JUNIOR'}),0.11797752808988764,0.26779026217228463,0.07865168539325842,0.6666666666666666,2.4895104895104896,1.0,0.04705845221562934,2.196629213483146,0.6783439490445861,0.25609756097560976,0.5447570332480818,0.48018648018648014
frozenset({'BRINO JUNIOR'}),frozenset({'BESTO NOIR PM'}),0.26779026217228463,0.11797752808988764,0.07865168539325842,0.2937062937062937,2.4895104895104896,1.0,0.04705845221562934,1.2488040938925355,0.8171355498721228,0.25609756097560976,0.19923388713197626,0.48018648018648014
"frozenset({'BRINO JUNIOR', 'WAFER CHOCO'})",frozenset({'CELEBRITY FONDANT'}),0.09925093632958802,0.2209737827715356,0.054307116104868915,0.5471698113207547,2.476175247841381,1.0,0.032375261260503024,1.7203495630461922,0.6618395583912825,0.20422535211267606,0.41872278664731494,0.39646626159258075
frozenset({'CELEBRITY FONDANT'}),"frozenset({'BRINO JUNIOR', 'WAFER CHOCO'})",0.2209737827715356,0.09925093632958802,0.054307116104868915,0.24576271186440676,2.476175247841381,1.0,0.032375261260503024,1.194251567563018,0.7652519893899205,0.20422535211267606,0.16265548468938298,0.39646626159258075
frozenset({'DUNAROLL ROUGE'}),frozenset({'BESTO NOIR PM'}),0.20786516853932585,0.11797752808988764,0.0599250936329588,0.2882882882882883,2.443586443586444,1.0,0.03540167487270126,1.2392973972407908,0.7457890070921985,0.22535211267605632,0.19309118035232684,0.39811239811239807
frozenset({'BESTO NOIR PM'}),frozenset({'DUNAROLL ROUGE'}),0.11797752808988764,0.20786516853932585,0.0599250936329588,0.5079365079365079,2.4435864435864434,1.0,0.03540167487270126,1.6098223994200798,0.6697850318471338,0.22535211267605632,0.3788134639198468,0.39811239811239807
frozenset({'CELEBRITY MINI BAR'}),frozenset({'DUNAROLL ROUGE'}),0.1254681647940075,0.20786516853932585,0.06367041198501873,0.5074626865671642,2.4413069786204113,1.0,0.03758995076379246,1.608273748723187,0.675085023302683,0.23611111111111108,0.37821530644649093,0.40688449643673524
frozenset({'DUNAROLL ROUGE'}),frozenset({'CELEBRITY MINI BAR'}),0.20786516853932585,0.1254681647940075,0.06367041198501873,0.3063063063063063,2.4413069786204113,1.0,0.03758995076379246,1.2606887494527943,0.7453066332916145,0.23611111111111108,0.20678279993055151,0.40688449643673524
frozenset({'BRINO JUNIOR'}),frozenset({'CHAMIA  90G'}),0.26779026217228463,0.09176029962546817,0.0599250936329588,0.22377622377622378,2.4387041529898674,1.0,0.03535257893924729,1.1700745689509735,0.8057065217391304,0.19999999999999998,0.14535361545670825,0.4384187241330098
frozenset({'CHAMIA  90G'}),frozenset({'BRINO JUNIOR'}),0.09176029962546817,0.26779026217228463,0.0599250936329588,0.6530612244897959,2.438704152989867,1.0,0.03535257893924729,2.1104868913857677,0.6495489690721649,0.19999999999999998,0.5261756876663708,0.4384187241330098
frozenset({'WAFERS GM CC'}),frozenset({'BRINO JUNIOR'}),0.12921348314606743,0.26779026217228463,0.08426966292134831,0.6521739130434782,2.4353906962602614,1.0,0.04966755039346883,2.105102996254681,0.6768458781362007,0.2694610778443114,0.524963860780607,0.4834296138643964
frozenset({'BRINO JUNIOR'}),frozenset({'WAFERS GM CC'}),0.26779026217228463,0.12921348314606743,0.08426966292134831,0.3146853146853147,2.4353906962602614,1.0,0.04966755039346883,1.2706374684705344,0.8049445865302642,0.2694610778443114,0.21299345815474846,0.4834296138643964
frozenset({'CHAMIA 25G'}),frozenset({'BRINO JUNIOR'}),0.0898876404494382,0.26779026217228463,0.05805243445692884,0.6458333333333334,2.411713286713287,1.0,0.033981399654925734,2.067415730337079,0.6431700517722024,0.19375000000000003,0.516304347826087,0.43130827505827507
frozenset({'BRINO JUNIOR'}),frozenset({'CHAMIA 25G'}),0.26779026217228463,0.0898876404494382,0.05805243445692884,0.2167832167832168,2.411713286713287,1.0,0.033981399654925734,1.1620184590690208,0.7994389901823283,0.19375000000000003,0.13942847276180612,0.43130827505827507
"frozenset({'CELEBRITY MINI BAR', 'CELEBRITY FONDANT'})",frozenset({'BRINO JUNIOR'}),0.07865168539325842,0.26779026217228463,0.05056179775280899,0.6428571428571429,2.400599400599401,1.0,0.029499642301056263,2.0501872659176033,0.6332429990966576,0.1708860759493671,0.5122396784800878,0.4158341658341659
frozenset({'BRINO JUNIOR'}),"frozenset({'CELEBRITY MINI BAR', 'CELEBRITY FONDANT'})",0.26779026217228463,0.07865168539325842,0.05056179775280899,0.1888111888111888,2.4005994005994005,1.0,0.029499642301056263,1.135800077489345,0.7968172776356919,0.1708860759493671,0.11956336346580247,0.4158341658341659
"frozenset({'DUNAROLL ROUGE', 'WAFER CHOCO'})",frozenset({'BRINO JUNIOR'}),0.09176029962546817,0.26779026217228463,0.05805243445692884,0.6326530612244898,2.362494648208934,1.0,0.03347991976321733,1.9932376196421142,0.6349850349185235,0.1925465838509317,0.49830366929380454,0.4247181390038533
frozenset({'BRINO JUNIOR'}),"frozenset({'DUNAROLL ROUGE', 'WAFER CHOCO'})",0.26779026217228463,0.09176029962546817,0.05805243445692884,0.2167832167832168,2.362494648208934,1.0,0.03347991976321733,1.1596274745853397,0.7876412837224652,0.1925465838509317,0.13765409847884075,0.4247181390038533
frozenset({'CELEBRITY TWIN'}),frozenset({'DUNAROLL ROUGE'}),0.10299625468164794,0.20786516853932585,0.05056179775280899,0.4909090909090909,2.3616707616707617,1.0,0.029152463914488908,1.5559791332263244,0.6427742983066573,0.19424460431654678,0.35731785944551897,0.3670761670761671
frozenset({'DUNAROLL ROUGE'}),frozenset({'CELEBRITY TWIN'}),0.20786516853932585,0.10299625468164794,0.05056179775280899,0.24324324324324323,2.3616707616707613,1.0,0.029152463914488908,1.185326377742108,0.7278697136853164,0.19424460431654678,0.15635050499351125,0.3670761670761671
frozenset({'BRINO JUNIOR'}),frozenset({'FAMELIO'}),0.26779026217228463,0.10674157303370786,0.06741573033707865,0.2517482517482518,2.3584836216415166,1.0,0.03883137650969995,1.1937939724876614,0.7866581415174765,0.21951219512195122,0.16233452082508693,0.4416635995583364
frozenset({'FAMELIO'}),frozenset({'BRINO JUNIOR'}),0.10674157303370786,0.26779026217228463,0.06741573033707865,0.631578947368421,2.358483621641516,1.0,0.03883137650969995,1.9874264312466559,0.6448287910552062,0.21951219512195122,0.4968367209584062,0.4416635995583364
frozenset({'WAFER CHOCO'}),frozenset({'BRINO JUNIOR'}),0.15730337078651685,0.26779026217228463,0.09925093632958802,0.630952380952381,2.3561438561438566,1.0,0.05712662542608257,1.9840521928234873,0.6830188679245283,0.30459770114942536,0.4959810010960907,0.5007908757908759
frozenset({'BRINO JUNIOR'}),frozenset({'WAFER CHOCO'}),0.26779026217228463,0.15730337078651685,0.09925093632958802,0.3706293706293707,2.3561438561438566,1.0,0.05712662542608257,1.3389513108614233,0.7860830960768229,0.30459770114942536,0.2531468531468532,0.5007908757908759
frozenset({'DAILY COCKTAIL 20CL'}),frozenset({'DUNAROLL ROUGE'}),0.1198501872659176,0.20786516853932585,0.05805243445692884,0.484375,2.3302364864864864,1.0,0.03313975508142911,1.536261491317671,0.6485929993136581,0.2152777777777778,0.3490691489361702,0.38182713963963966
frozenset({'DUNAROLL ROUGE'}),frozenset({'DAILY COCKTAIL 20CL'}),0.20786516853932585,0.1198501872659176,0.05805243445692884,0.27927927927927926,2.3302364864864864,1.0,0.03313975508142911,1.2212078651685394,0.7206588881262868,0.2152777777777778,0.18113858539390448,0.38182713963963966
frozenset({'DOLCE WAFER COCOA'}),frozenset({'BRINO JUNIOR'}),0.10861423220973783,0.26779026217228463,0.06741573033707865,0.6206896551724138,2.3178201109235594,1.0,0.038329896617991556,1.9303711270003405,0.6378384687208217,0.2181818181818182,0.48196489990298974,0.4362189534603328
frozenset({'BRINO JUNIOR'}),frozenset({'DOLCE WAFER COCOA'}),0.26779026217228463,0.10861423220973783,0.06741573033707865,0.2517482517482518,2.3178201109235594,1.0,0.038329896617991556,1.1912912597570793,0.7764990053992612,0.2181818181818182,0.16057471939824886,0.4362189534603328
frozenset({'WAFER CHOCO'}),frozenset({'CELEBRITY FONDANT'}),0.15730337078651685,0.2209737827715356,0.08052434456928839,0.511904761904762,2.316585956416465,1.0,0.0457644236838783,1.5960537133461226,0.6744186046511627,0.270440251572327,0.37345467032967045,0.4381557707828895
frozenset({'CELEBRITY FONDANT'}),frozenset({'WAFER CHOCO'}),0.2209737827715356,0.15730337078651685,0.08052434456928839,0.3644067796610169,2.3165859564164646,1.0,0.0457644236838783,1.3258426966292134,0.7295393559928443,0.270440251572327,0.24576271186440674,0.4381557707828895
frozenset({'BRINO JUNIOR'}),frozenset({'DAILY JOY CHOCOLATE 125 ML'}),0.26779026217228463,0.10299625468164794,0.06367041198501873,0.2377622377622378,2.3084551811824543,1.0,0.03608901794105683,1.176803078720407,0.7741086204302694,0.2073170731707317,0.15024015650320455,0.427972027972028
frozenset({'DAILY JOY CHOCOLATE 125 ML'}),frozenset({'BRINO JUNIOR'}),0.10299625468164794,0.26779026217228463,0.06367041198501873,0.6181818181818182,2.308455181182454,1.0,0.03608901794105683,1.9176921705011591,0.6318924229399485,0.2073170731707317,0.4785398744478028,0.427972027972028
frozenset({'BRINO BANANE'}),frozenset({'CELEBRITY FONDANT'}),0.12172284644194757,0.2209737827715356,0.06179775280898876,0.5076923076923077,2.2975228161668837,1.0,0.03490019498099285,1.5823970037453183,0.6430186728694189,0.21999999999999997,0.3680473372781065,0.39367666232073006
frozenset({'CELEBRITY FONDANT'}),frozenset({'BRINO BANANE'}),0.2209737827715356,0.12172284644194757,0.06179775280898876,0.2796610169491525,2.2975228161668837,1.0,0.03490019498099285,1.2192553425864727,0.7249417249417247,0.21999999999999997,0.17982725597195615,0.39367666232073006
frozenset({'DAILY\xa0JOY\xa012.5CL'}),frozenset({'DUNAROLL ROUGE'}),0.12172284644194757,0.20786516853932585,0.05805243445692884,0.47692307692307695,2.2943866943866946,1.0,0.03275049446618693,1.5143754130865832,0.6423412889469701,0.21379310344827587,0.3396617566830333,0.3781011781011781
frozenset({'DUNAROLL ROUGE'}),frozenset({'DAILY\xa0JOY\xa012.5CL'}),0.20786516853932585,0.12172284644194757,0.05805243445692884,0.27927927927927926,2.294386694386694,1.0,0.03275049446618693,1.2186095505617978,0.7121940059482954,0.21379310344827587,0.17939261222843306,0.3781011781011781
frozenset({'DUNAROLL ROUGE'}),frozenset({'CELEBRITY FONDANT'}),0.20786516853932585,0.2209737827715356,0.10299625468164794,0.4954954954954955,2.2423270728355473,1.0,0.05706350208307032,1.5441412520064208,0.6994197292069632,0.3160919540229885,0.3523908523908523,0.4807985952053748
frozenset({'CELEBRITY FONDANT'}),frozenset({'DUNAROLL ROUGE'}),0.2209737827715356,0.20786516853932585,0.10299625468164794,0.4661016949152542,2.2423270728355473,1.0,0.05706350208307032,1.4836811128945961,0.711188811188811,0.3160919540229885,0.32600072124053364,0.4807985952053748
frozenset({'DAILY\xa0JOY\xa012.5CL'}),frozenset({'BRINO JUNIOR'}),0.12172284644194757,0.26779026217228463,0.07303370786516854,0.6,2.2405594405594407,1.0,0.04043751490412265,1.8305243445692883,0.630419331911869,0.23076923076923075,0.4537084398976982,0.43636363636363634
frozenset({'BRINO JUNIOR'}),frozenset({'DAILY\xa0JOY\xa012.5CL'}),0.26779026217228463,0.12172284644194757,0.07303370786516854,0.2727272727272727,2.2405594405594402,1.0,0.04043751490412265,1.207631086142322,0.7561807331628303,0.23076923076923075,0.17193254506687336,0.43636363636363634
frozenset({'WAFERS GM CC'}),frozenset({'CELEBRITY FONDANT'}),0.12921348314606743,0.2209737827715356,0.06367041198501873,0.49275362318840576,2.2299189388356666,1.0,0.03511761982914615,1.5357945425361155,0.6333965844402276,0.2222222222222222,0.34887123745819393,0.3904446082043724
frozenset({'CELEBRITY FONDANT'}),frozenset({'WAFERS GM CC'}),0.2209737827715356,0.12921348314606743,0.06367041198501873,0.288135593220339,2.2299189388356666,1.0,0.03511761982914615,1.223247726056715,0.7080033936651583,0.2222222222222222,0.18250410060142153,0.3904446082043724
frozenset({'CELEBRITY MINI BAR'}),frozenset({'BRINO JUNIOR'}),0.1254681647940075,0.26779026217228463,0.0749063670411985,0.5970149253731344,2.2294123786661104,1.0,0.041307214296735825,1.8169649049798866,0.6305674518201284,0.23529411764705888,0.4496316372103677,0.43836760254670704
frozenset({'BRINO JUNIOR'}),frozenset({'CELEBRITY MINI BAR'}),0.26779026217228463,0.1254681647940075,0.0749063670411985,0.27972027972027974,2.22941237866611,1.0,0.041307214296735825,1.2141558488782227,0.7531329923273657,0.23529411764705888,0.17638250400563035,0.43836760254670704
frozenset({'AVANTAGE'}),frozenset({'BRINO JUNIOR'}),0.09737827715355805,0.26779026217228463,0.05805243445692884,0.5961538461538461,2.226196880043034,1.0,0.03197548008809213,1.8130907793829143,0.6102262080042833,0.18902439024390247,0.44845563643517605,0.40646853146853146
frozenset({'BRINO JUNIOR'}),frozenset({'AVANTAGE'}),0.26779026217228463,0.09737827715355805,0.05805243445692884,0.2167832167832168,2.226196880043034,1.0,0.03197548008809213,1.1524545211342965,0.7522481643428759,0.18902439024390247,0.13228680033659287,0.40646853146853146
frozenset({'BISCUIT RS DUO'}),frozenset({'BRINO JUNIOR'}),0.08801498127340825,0.26779026217228463,0.052434456928838954,0.5957446808510638,2.2246689480732034,1.0,0.028864902018544237,1.8112556672580327,0.6036227632736874,0.17283950617283952,0.4478968275561843,0.3957744383276298
frozenset({'BRINO JUNIOR'}),frozenset({'BISCUIT RS DUO'}),0.26779026217228463,0.08801498127340825,0.052434456928838954,0.19580419580419584,2.2246689480732034,1.0,0.028864902018544237,1.1340335450252403,0.7518268176835952,0.17283950617283952,0.11819186973191083,0.3957744383276298
frozenset({'DAILY JOY CHOCOLATE 125 ML'}),frozenset({'CELEBRITY FONDANT'}),0.10299625468164794,0.2209737827715356,0.05056179775280899,0.4909090909090909,2.2215716486902926,1.0,0.02780232574450476,1.5302300695559123,0.6130054898322121,0.18493150684931506,0.34650349650349643,0.3598613251155624
frozenset({'CELEBRITY FONDANT'}),frozenset({'DAILY JOY CHOCOLATE 125 ML'}),0.2209737827715356,0.10299625468164794,0.05056179775280899,0.22881355932203387,2.2215716486902926,1.0,0.02780232574450476,1.1631477137095114,0.7058404558404557,0.18493150684931506,0.1402639680124553,0.3598613251155624
frozenset({'BRINO BANANE'}),frozenset({'DUNAROLL ROUGE'}),0.12172284644194757,0.20786516853932585,0.056179775280898875,0.4615384615384615,2.2203742203742203,1.0,0.030877835290156964,1.4711075441412518,0.6257995735607675,0.2054794520547945,0.3202400436442989,0.36590436590436587
frozenset({'DUNAROLL ROUGE'}),frozenset({'BRINO BANANE'}),0.20786516853932585,0.12172284644194757,0.056179775280898875,0.27027027027027023,2.22037422037422,1.0,0.030877835290156964,1.2035649882091828,0.693853427895981,0.2054794520547945,0.16913501988128846,0.36590436590436587
frozenset({'BRINO JUNIOR'}),frozenset({'CELEBRITY FONDANT'}),0.26779026217228463,0.2209737827715356,0.13108614232209737,0.4895104895104895,2.21524238473391,1.0,0.07191151510050638,1.526037658406444,0.749214468396054,0.36649214659685864,0.34470817643894563,0.5413654142467701
frozenset({'CELEBRITY FONDANT'}),frozenset({'BRINO JUNIOR'}),0.2209737827715356,0.26779026217228463,0.13108614232209737,0.5932203389830507,2.2152423847339096,1.0,0.07191151510050638,1.800015605493133,0.7041895604395604,0.36649214659685864,0.44444926091291326,0.5413654142467701
frozenset({'DUNAROLL ROUGE'}),frozenset({'WAFERS GM VANILLE'}),0.20786516853932585,0.11610486891385768,0.052434456928838954,0.2522522522522523,2.1726242371403663,1.0,0.02830029878382359,1.182076621091106,0.6813576494427558,0.1931034482758621,0.1540311497938617,0.35193257773902936
frozenset({'WAFERS GM VANILLE'}),frozenset({'DUNAROLL ROUGE'}),0.11610486891385768,0.20786516853932585,0.052434456928838954,0.45161290322580644,2.172624237140366,1.0,0.02830029878382359,1.4444811632518177,0.6106234866828087,0.1931034482758621,0.3077099061999542,0.35193257773902936
frozenset({'WAFERS GM CC'}),frozenset({'DUNAROLL ROUGE'}),0.12921348314606743,0.20786516853932585,0.05805243445692884,0.4492753623188406,2.161378770074422,1.0,0.031193452005218197,1.4383500887049083,0.6170655567117586,0.2080536912751678,0.3047589680337136,0.36427732079905994
frozenset({'DUNAROLL ROUGE'}),frozenset({'WAFERS GM CC'}),0.20786516853932585,0.12921348314606743,0.05805243445692884,0.27927927927927926,2.161378770074422,1.0,0.031193452005218197,1.2082162921348316,0.6783344772363302,0.2080536912751678,0.17233362394652713,0.36427732079905994
frozenset({'TORTO'}),frozenset({'BRINO JUNIOR'}),0.10112359550561797,0.26779026217228463,0.05805243445692884,0.5740740740740741,2.143745143745144,1.0,0.03097252030467534,1.7191011235955056,0.5935483870967743,0.18674698795180725,0.41830065359477125,0.3954286454286454
frozenset({'BRINO JUNIOR'}),frozenset({'TORTO'}),0.26779026217228463,0.10112359550561797,0.05805243445692884,0.2167832167832168,2.143745143745144,1.0,0.03097252030467534,1.1476725521669342,0.72865275142315,0.18674698795180725,0.1286713286713287,0.3954286454286454
frozenset({'WAFERS GM VANILLE'}),frozenset({'CELEBRITY FONDANT'}),0.11610486891385768,0.2209737827715356,0.054307116104868915,0.46774193548387094,2.1167304537998906,1.0,0.02865098402278051,1.4636250141868121,0.5968731735827002,0.1920529801324503,0.3167648883374689,0.35675232367413884
frozenset({'CELEBRITY FONDANT'}),frozenset({'WAFERS GM VANILLE'}),0.2209737827715356,0.11610486891385768,0.054307116104868915,0.24576271186440676,2.1167304537998906,1.0,0.02865098402278051,1.171905904136683,0.6772214854111405,0.1920529801324503,0.14668916977879917,0.35675232367413884
frozenset({'BRINO JUNIOR'}),frozenset({'DUNAROLL ROUGE'}),0.26779026217228463,0.20786516853932585,0.11610486891385768,0.4335664335664336,2.085806085806086,1.0,0.060440600934225486,1.3984602580108199,0.7109561917333554,0.3229166666666667,0.2849278381193275,0.4960624960624961
frozenset({'DUNAROLL ROUGE'}),frozenset({'BRINO JUNIOR'}),0.20786516853932585,0.26779026217228463,0.11610486891385768,0.5585585585585585,2.0858060858060856,1.0,0.060440600934225486,1.6586792020178858,0.6571722717913521,0.3229166666666667,0.39711066565286507,0.4960624960624961
frozenset({'DAILY COCKTAIL 20CL'}),frozenset({'CELEBRITY FONDANT'}),0.1198501872659176,0.2209737827715356,0.054307116104868915,0.453125,2.050582627118644,1.0,0.027823366858842177,1.4245050829320494,0.5820983125458546,0.18954248366013074,0.29800180288461536,0.3494438559322034
frozenset({'CELEBRITY FONDANT'}),frozenset({'DAILY COCKTAIL 20CL'}),0.2209737827715356,0.1198501872659176,0.054307116104868915,0.24576271186440676,2.050582627118644,1.0,0.027823366858842177,1.1669402011530532,0.6576591511936339,0.18954248366013074,0.1430580598629643,0.3494438559322034
frozenset({'WAFERS GM VANILLE'}),frozenset({'BRINO JUNIOR'}),0.11610486891385768,0.26779026217228463,0.06367041198501873,0.5483870967741935,2.0478231445973383,1.0,0.03257865869909804,1.6213215623327981,0.578888334995015,0.19883040935672516,0.38321920633611084,0.39307466726821566
frozenset({'BRINO JUNIOR'}),frozenset({'WAFERS GM VANILLE'}),0.26779026217228463,0.11610486891385768,0.06367041198501873,0.2377622377622378,2.0478231445973383,1.0,0.03257865869909804,1.1596055389478748,0.6988114939070258,0.19883040935672516,0.1376377859428707,0.39307466726821566
frozenset({'DAILY COCKTAIL 20CL'}),frozenset({'BRINO JUNIOR'}),0.1198501872659176,0.26779026217228463,0.0599250936329588,0.5,1.8671328671328673,1.0,0.027830380563621318,1.4644194756554307,0.5276595744680851,0.18285714285714286,0.3171355498721228,0.3618881118881119
frozenset({'BRINO JUNIOR'}),frozenset({'DAILY COCKTAIL 20CL'}),0.26779026217228463,0.1198501872659176,0.0599250936329588,0.22377622377622378,1.867132867132867,1.0,0.027830380563621318,1.1338866956844484,0.6342710997442456,0.18285714285714286,0.11807766701383722,0.3618881118881119
